<?xml version="1.0" encoding="utf-8" ?>
<dwsync>
<file name="jquery.dataTables.min.css" server="C:/AppServ/www/jobb/" local="131331753766088639" remote="131331753760000000" Dst="0" />
<file name="jquery-1.12.0.min.js" server="C:/AppServ/www/jobb/" local="131331755337782177" remote="131331755330000000" Dst="0" />
<file name="jquery.dataTables.min.js" server="C:/AppServ/www/jobb/" local="131331757306086034" remote="131331757300000000" Dst="0" />
<file name="jquery.dataTables.min.css" server="C:/AppServ/www/travel/" local="131331753766088639" remote="131331753760000000" Dst="0" />
<file name="jquery-1.12.0.min.js" server="C:/AppServ/www/travel/" local="131331755337782177" remote="131331755330000000" Dst="0" />
<file name="jquery.dataTables.min.js" server="C:/AppServ/www/travel/" local="131331757306086034" remote="131331757300000000" Dst="0" />
<file name="jquery.dataTables.min.css" server="C:/xampp/htdocs/bproject/" local="131468387300000000" remote="131468387300000000" Dst="0" />
<file name="jquery-1.12.0.min.js" server="C:/xampp/htdocs/bproject/" local="131468387300000000" remote="131468387300000000" Dst="0" />
<file name="jquery.dataTables.min.js" server="C:/xampp/htdocs/bproject/" local="131468387300000000" remote="131468387300000000" Dst="0" />
<file name="jquery.dataTables.min.css" server="C:/AppServ/www/bproject3/" local="131468387300000000" remote="131468387300000000" Dst="0" />
<file name="jquery-1.12.0.min.js" server="C:/AppServ/www/bproject3/" local="131468387300000000" remote="131468387300000000" Dst="0" />
<file name="jquery.dataTables.min.js" server="C:/AppServ/www/bproject3/" local="131468387300000000" remote="131468387300000000" Dst="0" />
</dwsync>